sample_id,mat_num_contigs,mat_total_len,mat_AUN,mat_full_sgl,mat_full_dup,mat_perc_sgl,mat_switch,mat_hamming,mat_qv,pat_num_contigs,pat_total_len,pat_AUN,pat_full_sgl,pat_full_dup,pat_perc_sgl,pat_switch,pat_hamming,pat_qv
HG02514,54.0,3.0208,145.97,34692.0,136.0,0.9837028668267194,0.006896,0.005745,56.76,63.0,2.9326,145.75,34693.0,134.0,0.9836746222284988,0.002859,0.002379,60.75
HG02841,59.0,3.038,146.05,34660.0,144.0,0.9830249964694252,0.008187,0.00896,57.65,75.0,3.0461,147.2,34601.0,148.0,0.9814715435672928,0.005938,0.004517,56.83
HG02984,69.0,3.0409,131.11,34579.0,119.0,0.9800310690580426,0.004765,0.004302,57.36,61.0,2.9231,142.29,34562.0,144.0,0.9802570258438074,0.003967,0.003378,57.97
HG03050,55.0,3.0613,141.73,34641.0,134.0,0.982205903121028,0.004526,0.003447,56.48,75.0,2.9268,141.2,34615.0,134.0,0.9814715435672928,0.0050929999999999,0.0059689999999999,56.41
