sample_id,mat_num_contigs,mat_total_len,mat_AUN,mat_full_sgl,mat_full_dup,mat_perc_sgl,mat_switch,mat_hamming,mat_qv,pat_num_contigs,pat_total_len,pat_AUN,pat_full_sgl,pat_full_dup,pat_perc_sgl,pat_switch,pat_hamming,pat_qv
HG02984,61,2.9231,142.29,34562,144,0.9802570258438074,0.003971,0.003376,57.97,68,3.0409,131.12,34579,119,0.9800310690580426,0.004768,0.004303,57.34
HG03050,76,2.9267,141.02,34612,137,0.9814715435672927,0.0050880000000000005,0.005965000000000001,57.12,60,3.0619,141.70,34641,134,0.9822059031210281,0.004526,0.003453,55.89
HG02514,54,3.0208,145.97,34692,136,0.9837028668267194,0.006896,0.005745,56.76,63,2.9326,145.75,34693,134,0.9836746222284988,0.002859,0.002379,60.75
HG02841,59,3.0380,146.05,34660,144,0.9830249964694252,0.008187,0.008960000000000001,57.65,75,3.0461,147.20,34601,148,0.9814715435672927,0.005938,0.004517,56.83
