sample_id,mat_num_contigs,mat_total_len,mat_AUN,mat_full_sgl,mat_full_dup,mat_perc_sgl,mat_switch,mat_hamming,mat_qv,pat_num_contigs,pat_total_len,pat_AUN,pat_full_sgl,pat_full_dup,pat_perc_sgl,pat_switch,pat_hamming,pat_qv
NA20827,55,3.0322,136.84,33646,121,0.9537353481146731,,,53.05,64,2.9517,146.57,34734,131,0.9847479169608813,,,53.21
NA20762,46,3.0105,141.59,34710,124,0.9838723344160429,,,52.32,58,2.9324,141.31,32554,112,0.9226380454738031,,,53.30
NA20806,55,3.0131,125.10,34750,141,0.9854822765146166,,,54.95,59,2.9373,132.02,33642,115,0.9534529021324671,,,55.76
NA20503,56,3.0155,145.64,34705,133,0.9839853128089253,,,55.32,58,3.0244,149.29,33364,111,0.9454879254342607,,,54.23
